{"Avg RMSE_loss": "tensor(187.9600, dtype=torch.float64, grad_fn=<AddBackward0>)", "R_squared": -0.2584148860080344, "training_duration": 0.19329595565795898, "inference_latency": 0.013806853975568498}